"Date","Close"
2015-01-02,115.534408569336
2015-01-05,112.801605224609
2015-01-06,112.801605224609
2015-01-07,113.432258605957
2015-01-08,117.55249786377
2015-01-09,115.870758056641
2015-01-12,118.477424621582
2015-01-13,119.948951721191
2015-01-14,119.066055297852
2015-01-15,122.849945068359
2015-01-16,123.31241607666
2015-01-19,123.396484375
2015-01-20,125.036163330078
2015-01-21,125.961097717285
2015-01-22,126.339492797852
2015-01-23,130.880126953125
2015-01-26,133.402740478516
2015-01-27,131.426712036133
2015-01-28,132.01530456543
2015-01-29,134.706069946289
2015-01-30,133.739074707031
2015-02-02,132.603927612305
2015-02-03,130.964248657227
2015-02-04,132.81413269043
2015-02-05,132.856185913086
2015-02-06,132.519821166992
2015-02-09,131.132400512695
2015-02-10,132.477798461914
2015-02-11,133.192489624023
2015-02-12,132.772079467773
2015-02-13,131.216491699219
2015-02-16,129.913131713867
2015-02-17,130.669921875
2015-02-18,130.711975097656
2015-02-19,132.099395751953
2015-02-20,132.519821166992
2015-02-23,133.48681640625
2015-02-24,133.949279785156
2015-02-25,134.075408935547
2015-02-26,135.546936035156
2015-02-27,136.42985534668
2015-03-02,136.3037109375
2015-03-03,135.462860107422
2015-03-04,137.312728881836
2015-03-05,138.531997680664
2015-03-06,139.246719360352
2015-03-09,138.994491577148
2015-03-10,138.57405090332
2015-03-11,142.694259643555
2015-03-12,142.147705078125
2015-03-13,144.418029785156
2015-03-16,145.72135925293
2015-03-17,145.048675537109
2015-03-18,143.745346069336
2015-03-19,143.15673828125
2015-03-20,144.712326049805
2015-03-23,143.913497924805
2015-03-24,144.123718261719
2015-03-25,142.063629150391
2015-03-26,142.105651855469
2015-03-27,144.75439453125
2015-03-30,145.090713500977
2015-03-31,144.081680297852
2015-04-01,144.039657592773
2015-04-02,145.216857910156
2015-04-07,147.276962280273
2015-04-08,146.352005004883
2015-04-09,147.949630737305
2015-04-10,150.472259521484
2015-04-13,150.219955444336
2015-04-14,149.33708190918
2015-04-15,149.757522583008
2015-04-16,150.304046630859
2015-04-17,148.243942260742
2015-04-20,149.000717163086
2015-04-21,149.799545288086
2015-04-22,148.916641235352
2015-04-23,147.150833129883
2015-04-24,147.781494140625
2015-04-27,150.724472045898
2015-04-28,146.309982299805
2015-04-29,142.273834228516
2015-04-30,143.324920654297
2015-05-04,145.763427734375
2015-05-05,142.389419555664
2015-05-06,143.286331176758
2015-05-07,144.01237487793
2015-05-08,148.155059814453
2015-05-11,145.336318969727
2015-05-12,143.713394165039
2015-05-13,142.005081176758
2015-05-14,145.336318969727
2015-05-15,143.841522216797
2015-05-18,145.037368774414
2015-05-19,149.308197021484
2015-05-20,149.479034423828
2015-05-21,149.393615722656
2015-05-22,149.308197021484
2015-05-25,148.795715332031
2015-05-26,148.283218383789
2015-05-27,151.742568969727
2015-05-28,150.760299682617
2015-05-29,146.873794555664
2015-06-01,148.283218383789
2015-06-02,144.909240722656
2015-06-03,145.677993774414
2015-06-04,145.208190917969
2015-06-05,142.346725463867
2015-06-08,141.663421630859
2015-06-09,140.681121826172
2015-06-10,143.329025268555
2015-06-11,144.140487670898
2015-06-12,141.492584228516
2015-06-15,139.399856567383
2015-06-16,140.894638061523
2015-06-17,138.673858642578
2015-06-18,139.869659423828
2015-06-19,138.204010009766
2015-06-22,143.670700073242
2015-06-23,144.951950073242
2015-06-24,144.354019165039
2015-06-25,143.030044555664
2015-06-26,144.055068969727
2015-06-29,138.332183837891
2015-06-30,136.666534423828
2015-07-01,137.392578125
2015-07-02,136.111312866211
2015-07-03,135.25715637207
2015-07-06,133.164443969727
2015-07-07,131.498840332031
2015-07-08,132.908203125
2015-07-09,136.452987670898
2015-07-10,140.638381958008
2015-07-13,142.304046630859
2015-07-14,144.268600463867
2015-07-15,144.866546630859
2015-07-16,146.105087280273
2015-07-17,145.507141113281
2015-07-20,147.300903320312
2015-07-21,145.336318969727
2015-07-22,144.268600463867
2015-07-23,144.396743774414
2015-07-24,144.695709228516
2015-07-27,141.919647216797
2015-07-28,143.286331176758
2015-07-29,145.122787475586
2015-07-30,145.507141113281
2015-07-31,145.507141113281
2015-08-03,149.13737487793
2015-08-04,149.863403320312
2015-08-05,152.04150390625
2015-08-06,152.169662475586
2015-08-07,151.144638061523
2015-08-10,152.084228515625
2015-08-11,148.325897216797
2015-08-12,140.595718383789
2015-08-13,143.414459228516
2015-08-14,142.005081176758
2015-08-17,142.304046630859
2015-08-18,141.364456176758
2015-08-19,138.502975463867
2015-08-20,135.556091308594
2015-08-21,131.712371826172
2015-08-24,125.007164001465
2015-08-25,130.516540527344
2015-08-26,126.800926208496
2015-08-27,130.516540527344
2015-08-28,130.516540527344
2015-08-31,130.431121826172
2015-09-01,127.91136932373
2015-09-02,128.680084228516
2015-09-03,128.893630981445
2015-09-04,124.494674682617
2015-09-07,125.733207702637
2015-09-08,125.476959228516
2015-09-09,126.929039001465
2015-09-10,124.580093383789
2015-09-11,124.110321044922
2015-09-14,122.957168579102
2015-09-15,125.348846435547
2015-09-16,128.63737487793
2015-09-17,128.551971435547
2015-09-18,125.348846435547
2015-09-21,128.295684814453
2015-09-22,124.323852539062
2015-09-23,124.238410949707
2015-09-24,122.914474487305
2015-09-25,129.747772216797
2015-09-28,127.91136932373
2015-09-29,127.099868774414
2015-09-30,132.438415527344
2015-10-01,130.473831176758
2015-10-02,132.865524291992
2015-10-05,136.922790527344
2015-10-06,137.264450073242
2015-10-07,137.477996826172
2015-10-08,138.417587280273
2015-10-09,140.083206176758
2015-10-12,141.065475463867
2015-10-13,140.168609619141
2015-10-14,140.211303710938
2015-10-15,142.560287475586
2015-10-16,141.834259033203
2015-10-19,143.841522216797
2015-10-20,143.115493774414
2015-10-21,141.492584228516
2015-10-22,146.062377929688
2015-10-23,148.283218383789
2015-10-26,146.062377929688
2015-10-27,146.147796630859
2015-10-28,146.660278320312
2015-10-29,148.624877929688
2015-10-30,141.834259033203
2015-11-02,141.065475463867
2015-11-03,141.449859619141
2015-11-04,141.876968383789
2015-11-05,144.268600463867
2015-11-06,142.645690917969
2015-11-09,140.681121826172
2015-11-10,141.065475463867
2015-11-11,145.080047607422
2015-11-12,143.329025268555
2015-11-13,141.706115722656
2015-11-16,141.919647216797
2015-11-17,145.891525268555
2015-11-18,143.457153320312
2015-11-19,143.072799682617
2015-11-20,144.140487670898
2015-11-23,143.884262084961
2015-11-24,140.851928710938
2015-11-25,143.969680786133
2015-11-26,144.396743774414
2015-11-27,144.140487670898
2015-11-30,143.158187866211
2015-12-01,142.688400268555
2015-12-02,143.969680786133
2015-12-03,137.776947021484
2015-12-04,136.025924682617
2015-12-07,139.399856567383
2015-12-08,136.538421630859
2015-12-09,134.488403320312
2015-12-10,133.591537475586
2015-12-11,131.925903320312
2015-12-14,129.833206176758
2015-12-15,135.299850463867
2015-12-16,134.915496826172
2015-12-17,137.392578125
2015-12-18,134.744674682617
2015-12-21,132.48112487793
2015-12-22,131.498840332031
2015-12-23,134.189468383789
2015-12-24,133.847793579102
2015-12-28,132.224868774414
2015-12-29,135.086318969727
2015-12-30,134.40299987793
2016-01-04,128.893630981445
2016-01-05,129.406127929688
2016-01-06,129.235305786133
2016-01-07,128.850936889648
2016-01-08,127.783210754395
2016-01-11,126.843650817871
2016-01-12,128.295684814453
2016-01-13,128.979049682617
2016-01-14,126.288429260254
2016-01-15,124.537384033203
2016-01-18,124.964462280273
2016-01-19,127.441543579102
2016-01-20,123.256134033203
2016-01-21,124.836326599121
2016-01-22,128.551971435547
2016-01-25,129.91862487793
2016-01-26,130.303009033203
2016-01-27,131.755096435547
2016-01-28,130.516540527344
2016-01-29,134.573837280273
2016-02-01,134.488403320312
2016-02-02,133.591537475586
2016-02-03,131.626953125
2016-02-04,131.541564941406
2016-02-05,130.858215332031
2016-02-08,128.167587280273
2016-02-09,126.373832702637
2016-02-10,128.979049682617
2016-02-11,125.306137084961
2016-02-12,128.253005981445
2016-02-15,131.242568969727
2016-02-16,131.840515136719
2016-02-17,132.438415527344
2016-02-18,131.157165527344
2016-02-19,132.096755981445
2016-02-22,134.189468383789
2016-02-23,133.762390136719
2016-02-24,131.755096435547
2016-02-25,133.975936889648
2016-02-26,133.805068969727
2016-02-29,133.249862670898
2016-03-01,135.769653320312
2016-03-02,133.036331176758
2016-03-03,130.858215332031
2016-03-04,132.99365234375
2016-03-07,131.456130981445
2016-03-08,132.224868774414
2016-03-09,134.146743774414
2016-03-10,131.114440917969
2016-03-11,133.463409423828
2016-03-14,134.872787475586
2016-03-15,134.659225463867
2016-03-16,132.822799682617
2016-03-17,132.780075073242
2016-03-18,135.855087280273
2016-03-21,133.591537475586
2016-03-22,132.011337280273
2016-03-23,134.958221435547
2016-03-24,133.847793579102
2016-03-29,134.616546630859
2016-03-30,137.264450073242
2016-03-31,134.488403320312
2016-04-01,132.139465332031
2016-04-04,132.908203125
2016-04-05,131.712371826172
2016-04-06,133.377990722656
2016-04-07,132.523849487305
2016-04-08,132.139465332031
2016-04-11,131.498840332031
2016-04-12,131.968597412109
2016-04-13,134.659225463867
2016-04-14,136.32487487793
2016-04-15,135.513427734375
2016-04-18,137.050903320312
2016-04-19,143.926956176758
2016-04-20,143.585266113281
2016-04-21,141.065475463867
2016-04-22,139.613403320312
2016-04-25,139.656127929688
2016-04-26,139.10090637207
2016-04-27,140.766555786133
2016-04-28,141.663421630859
2016-04-29,137.920547485352
2016-05-02,138.05110168457
2016-05-03,137.354766845703
2016-05-04,136.919525146484
2016-05-05,138.094635009766
2016-05-06,137.311233520508
2016-05-09,139.574371337891
2016-05-10,139.966049194336
2016-05-11,138.573379516602
2016-05-12,137.789978027344
2016-05-13,138.878051757812
2016-05-16,138.442779541016
2016-05-17,137.485321044922
2016-05-18,139.13916015625
2016-05-19,137.702926635742
2016-05-20,139.835494995117
2016-05-23,139.35676574707
2016-05-24,142.925552368164
2016-05-25,143.447814941406
2016-05-26,144.274703979492
2016-05-27,145.27571105957
2016-05-30,145.754425048828
2016-05-31,147.016571044922
2016-06-01,146.450805664062
2016-06-02,146.015609741211
2016-06-03,146.320251464844
2016-06-06,146.320251464844
2016-06-07,146.929550170898
2016-06-08,146.755477905273
2016-06-09,145.232208251953
2016-06-10,142.229187011719
2016-06-13,140.488311767578
2016-06-14,138.138107299805
2016-06-15,139.879013061523
2016-06-16,140.270690917969
2016-06-17,140.444808959961
2016-06-20,143.839492797852
2016-06-21,145.710922241211
2016-06-22,146.668441772461
2016-06-23,148.539855957031
2016-06-24,143.012573242188
2016-06-27,141.706924438477
2016-06-28,143.926544189453
2016-06-29,147.974075317383
2016-06-30,149.714950561523
2016-07-01,150.106628417969
2016-07-04,150.933547973633
2016-07-05,150.890045166016
2016-07-06,148.888031005859
2016-07-07,150.019607543945
2016-07-08,150.41130065918
2016-07-11,151.542861938477
2016-07-12,150.97705078125
2016-07-13,151.194671630859
2016-07-14,151.455825805664
2016-07-15,151.803985595703
2016-07-18,151.325241088867
2016-07-19,149.671401977539
2016-07-20,151.891021728516
2016-07-21,150.890045166016
2016-07-22,151.9345703125
2016-07-25,152.500350952148
2016-07-26,153.022583007812
2016-07-27,153.370758056641
2016-07-28,152.282730102539
2016-07-29,148.191696166992
2016-08-01,148.191696166992
2016-08-02,148.191696166992
2016-08-03,147.408294677734
2016-08-04,148.496337890625
2016-08-05,149.671401977539
2016-08-08,148.931564331055
2016-08-09,151.542861938477
2016-08-10,150.585342407227
2016-08-11,152.848510742188
2016-08-12,152.979064941406
2016-08-15,152.935546875
2016-08-16,151.9345703125
2016-08-17,151.28173828125
2016-08-18,150.324249267578
2016-08-19,149.453796386719
2016-08-22,148.800979614258
2016-08-23,148.539855957031
2016-08-24,148.539855957031
2016-08-25,148.539855957031
2016-08-26,149.10563659668
2016-08-29,149.279739379883
2016-08-30,148.975051879883
2016-08-31,147.408294677734
2016-09-01,146.798980712891
2016-09-02,151.9345703125
2016-09-05,151.238189697266
2016-09-06,151.238189697266
2016-09-07,151.020599365234
2016-09-08,148.365768432617
2016-09-09,145.49333190918
2016-09-12,145.580368041992
2016-09-13,144.057113647461
2016-09-14,143.53483581543
2016-09-15,144.492309570312
2016-09-16,143.273727416992
2016-09-19,145.014617919922
2016-09-20,144.796966552734
2016-09-21,144.579376220703
2016-09-22,147.712936401367
2016-09-23,147.103652954102
2016-09-26,145.05810546875
2016-09-27,145.841522216797
2016-09-28,146.624877929688
2016-09-29,145.928512573242
2016-09-30,146.320251464844
2016-10-03,146.450805664062
2016-10-04,148.278717041016
2016-10-05,144.666412353516
2016-10-06,143.404296875
2016-10-07,142.0986328125
2016-10-10,143.360748291016
2016-10-11,142.794998168945
2016-10-12,142.359771728516
2016-10-13,141.663421630859
2016-10-14,146.14616394043
2016-10-17,144.796966552734
2016-10-18,146.668441772461
2016-10-19,146.494338989258
2016-10-20,145.841522216797
2016-10-21,145.536849975586
2016-10-24,144.796966552734
2016-10-25,144.18766784668
2016-10-26,143.926544189453
2016-10-27,144.318237304688
2016-10-28,144.492309570312
2016-10-31,141.924530029297
2016-11-01,141.968078613281
2016-11-02,140.66242980957
2016-11-03,140.66242980957
2016-11-04,143.708969116211
2016-11-07,144.013595581055
2016-11-08,145.101608276367
2016-11-09,142.664398193359
2016-11-10,138.355743408203
2016-11-11,136.788986206055
2016-11-14,136.658416748047
2016-11-15,137.441787719727
2016-11-16,136.919525146484
2016-11-17,137.137161254883
2016-11-18,138.747451782227
2016-11-21,138.70393371582
2016-11-22,139.182693481445
2016-11-23,139.008575439453
2016-11-24,139.443801879883
2016-11-25,140.880004882812
2016-11-28,139.26969909668
2016-11-29,140.270690917969
2016-11-30,140.183685302734
2016-12-01,138.05110168457
2016-12-02,138.268753051758
2016-12-05,138.486297607422
2016-12-06,139.966049194336
2016-12-07,141.141143798828
2016-12-08,141.532852172852
2016-12-09,145.536849975586
2016-12-12,144.709945678711
2016-12-13,146.276733398438
2016-12-14,146.450805664062
2016-12-15,146.102630615234
2016-12-16,147.190689086914
2016-12-19,147.974075317383
2016-12-20,148.757461547852
2016-12-21,148.452819824219
2016-12-22,149.279739379883
2016-12-23,150.19367980957
2016-12-27,150.324249267578
2016-12-28,150.063125610352
2016-12-29,150.237213134766
2016-12-30,150.933547973633
2017-01-02,150.97705078125
2017-01-03,148.104629516602
2017-01-04,147.843490600586
2017-01-05,148.235214233398
2017-01-06,148.191696166992
2017-01-09,149.149154663086
2017-01-10,148.888031005859
2017-01-11,149.584381103516
2017-01-12,148.322235107422
2017-01-13,149.236206054688
2017-01-16,148.67041015625
2017-01-17,147.625900268555
2017-01-18,147.582397460938
2017-01-19,148.409271240234
2017-01-20,148.017578125
2017-01-23,148.975051879883
2017-01-24,149.10563659668
2017-01-25,149.323226928711
2017-01-26,149.10563659668
2017-01-27,149.10563659668
2017-01-30,148.844512939453
2017-01-31,146.537841796875
2017-02-01,147.016571044922
2017-02-02,148.496337890625
2017-02-03,148.888031005859
2017-02-06,148.148147583008
2017-02-07,149.279739379883
2017-02-08,150.890045166016
2017-02-09,151.455825805664
2017-02-10,148.061111450195
2017-02-13,151.194671630859
2017-02-14,150.19367980957
2017-02-15,151.28173828125
2017-02-16,149.584381103516
2017-02-17,153.283721923828
2017-02-20,150.280685424805
2017-02-21,150.97705078125
2017-02-22,153.631912231445
2017-02-23,153.980056762695
2017-02-24,152.80500793457
2017-02-27,152.587371826172
2017-02-28,152.80500793457
2017-03-01,153.718963623047
2017-03-02,153.240219116211
2017-03-03,153.58837890625
2017-03-06,153.457809448242
2017-03-07,152.761459350586
2017-03-08,152.413299560547
2017-03-09,153.544860839844
2017-03-10,154.371780395508
2017-03-13,153.58837890625
2017-03-14,154.545852661133
2017-03-15,154.328262329102
2017-03-16,154.719940185547
2017-03-17,154.45881652832
2017-03-20,153.980056762695
2017-03-21,154.415283203125
2017-03-22,155.198715209961
2017-03-23,155.372772216797
2017-03-24,154.806991577148
2017-03-27,156.243194580078
2017-03-28,155.546844482422
2017-03-29,156.504364013672
2017-03-30,155.851516723633
2017-03-31,156.808990478516
2017-04-03,156.243194580078
2017-04-04,156.939544677734
2017-04-05,155.677429199219
2017-04-06,156.112655639648
2017-04-07,157.287734985352
2017-04-10,157.461807250977
2017-04-11,157.548858642578
2017-04-12,158.375762939453
2017-04-13,157.592391967773
2017-04-18,156.765472412109
2017-04-19,157.897018432617
2017-04-20,158.201675415039
2017-04-21,157.374786376953
2017-04-24,161.509368896484
2017-04-25,160.725952148438
2017-04-26,161.33528137207
2017-04-27,161.726974487305
2017-04-28,162.037139892578
2017-05-02,163.455001831055
2017-05-03,163.54362487793
2017-05-04,165.493194580078
2017-05-05,167.088317871094
2017-05-08,166.512283325195
2017-05-09,167.930191040039
2017-05-10,167.442779541016
2017-05-11,167.620040893555
2017-05-12,168.417572021484
2017-05-15,168.28466796875
2017-05-16,168.328964233398
2017-05-17,166.733825683594
2017-05-18,164.474105834961
2017-05-19,165.803375244141
2017-05-22,166.157821655273
2017-05-23,167.221252441406
2017-05-24,166.822463989258
2017-05-25,167.221252441406
2017-05-26,167.575714111328
2017-05-29,167.841552734375
2017-05-30,168.018798828125
2017-05-31,168.772064208984
2017-06-01,169.215118408203
2017-06-02,170.943161010742
2017-06-05,169.43669128418
2017-06-06,169.480972290039
2017-06-07,168.594833374023
2017-06-08,166.866775512695
2017-06-09,168.417572021484
2017-06-12,166.157821655273
2017-06-13,166.02490234375
2017-06-14,166.689544677734
2017-06-15,166.866775512695
2017-06-16,169.259460449219
2017-06-19,169.170822143555
2017-06-20,169.480972290039
2017-06-21,168.373245239258
2017-06-22,168.018798828125
2017-06-23,166.689544677734
2017-06-26,173.114318847656
2017-06-27,169.43669128418
2017-06-28,168.550506591797
2017-06-29,162.568817138672
2017-06-30,161.638336181641
2017-07-03,162.125717163086
2017-07-04,160.707855224609
2017-07-05,160.840774536133
2017-07-06,158.226577758789
2017-07-07,158.935516357422
2017-07-10,159.55583190918
2017-07-11,158.713973999023
2017-07-12,161.283874511719
2017-07-13,162.258651733398
2017-07-14,163.189147949219
2017-07-17,163.277755737305
2017-07-18,162.613143920898
2017-07-19,164.163955688477
2017-07-20,163.587921142578
2017-07-21,160.309066772461
2017-07-24,159.245651245117
2017-07-25,159.688751220703
2017-07-26,160.220474243164
2017-07-27,160.442016601562
2017-07-28,156.011138916016
2017-07-31,155.16926574707
2017-08-01,155.878189086914
2017-08-02,155.036331176758
2017-08-03,155.16926574707
2017-08-04,156.454223632812
2017-08-07,156.011138916016
2017-08-08,156.409912109375
2017-08-09,155.612350463867
2017-08-10,153.928604125977
2017-08-11,153.84001159668
2017-08-14,155.213562011719
2017-08-15,155.346481323242
2017-08-16,156.3212890625
2017-08-17,156.232666015625
2017-08-18,155.435104370117
2017-08-21,155.080642700195
2017-08-22,156.985900878906
2017-08-23,157.960723876953
2017-08-24,159.422882080078
2017-08-25,157.783477783203
2017-08-28,157.118865966797
2017-08-29,156.409912109375
2017-08-30,156.188385009766
2017-08-31,157.163162231445
2017-09-01,157.694869995117
2017-09-04,157.118865966797
2017-09-05,156.720077514648
2017-09-06,157.47331237793
2017-09-07,158.049331665039
2017-09-08,158.270889282227
2017-09-11,160.131851196289
2017-09-12,159.422882080078
2017-09-13,159.688751220703
2017-09-14,158.97981262207
2017-09-15,158.536712646484
2017-09-18,158.625335693359
2017-09-19,157.296081542969
2017-09-20,158.00505065918
2017-09-21,156.49853515625
2017-09-22,160.353378295898
2017-09-25,161.150955200195
2017-09-26,160.442016601562
2017-09-27,157.739181518555
2017-09-28,157.65055847168
2017-09-29,159.422882080078
2017-10-02,160.619247436523
2017-10-03,161.195236206055
2017-10-04,160.619247436523
2017-10-05,161.948486328125
2017-10-06,160.176147460938
2017-10-09,161.461090087891
2017-10-10,163.410675048828
2017-10-11,164.385467529297
2017-10-12,166.423675537109
2017-10-13,167.044006347656
2017-10-16,167.752960205078
2017-10-17,166.77815246582
2017-10-18,167.930191040039
2017-10-19,165.626113891602
2017-10-20,164.429809570312
2017-10-23,164.252578735352
2017-10-24,163.322082519531
2017-10-25,162.081436157227
2017-10-26,166.512283325195
2017-10-27,168.550506591797
2017-10-30,168.373245239258
2017-10-31,169.303756713867
2017-11-01,171.563522338867
2017-11-02,170.544387817383
2017-11-03,170.677337646484
2017-11-06,170.234252929688
2017-11-07,167.974502563477
2017-11-08,168.107406616211
2017-11-09,166.689544677734
2017-11-10,165.005798339844
2017-11-13,164.296844482422
2017-11-14,163.14485168457
2017-11-15,163.277755737305
2017-11-16,164.961486816406
2017-11-17,164.296844482422
2017-11-20,165.448883056641
2017-11-21,165.714736938477
2017-11-22,164.828582763672
2017-11-23,165.448883056641
2017-11-24,165.891967773438
2017-11-27,164.69563293457
2017-11-28,165.803375244141
2017-11-29,165.670440673828
2017-11-30,164.651351928711
2017-12-01,163.587921142578
2017-12-04,165.936279296875
2017-12-05,167.044006347656
2017-12-06,166.512283325195
2017-12-07,167.309844970703
2017-12-08,166.955413818359
2017-12-11,166.911087036133
2017-12-12,168.063095092773
2017-12-13,166.689544677734
2017-12-14,165.227340698242
2017-12-15,165.936279296875
2017-12-18,168.72770690918
2017-12-19,167.35417175293
2017-12-20,165.581817626953
2017-12-21,166.689544677734
2017-12-22,165.537521362305
2017-12-27,166.246444702148
2017-12-28,164.607009887695
2017-12-29,163.898086547852
2018-01-02,161.416793823242
2018-01-03,162.037139892578
2018-01-04,163.499328613281
2018-01-05,165.626113891602
2018-01-08,165.493194580078
2018-01-09,166.866775512695
2018-01-10,165.626113891602
2018-01-11,163.632232666016
2018-01-12,163.100524902344
2018-01-15,163.455001831055
2018-01-16,163.100524902344
2018-01-17,163.410675048828
2018-01-18,162.524505615234
2018-01-19,164.651351928711
2018-01-22,164.429809570312
2018-01-23,165.05012512207
2018-01-24,163.14485168457
2018-01-25,161.106628417969
2018-01-26,161.815582275391
2018-01-29,161.638336181641
2018-01-30,161.461090087891
2018-01-31,162.258651733398
2018-02-01,160.663543701172
2018-02-02,160.087539672852
2018-02-05,156.852996826172
2018-02-06,152.377792358398
2018-02-07,155.612350463867
2018-02-08,152.244888305664
2018-02-09,152.732299804688
2018-02-12,156.3212890625
2018-02-13,155.080642700195
2018-02-14,155.346481323242
2018-02-15,154.81477355957
2018-02-16,156.675750732422
2018-02-19,155.523727416992
2018-02-20,155.612350463867
2018-02-21,154.548934936523
2018-02-22,155.479415893555
2018-02-23,158.359481811523
2018-02-26,159.954605102539
2018-02-27,157.296081542969
2018-02-28,156.897323608398
2018-03-01,153.574142456055
2018-03-02,151.624572753906
2018-03-05,155.036331176758
2018-03-06,154.371719360352
2018-03-07,155.568054199219
2018-03-08,159.865997314453
2018-03-09,160.973693847656
2018-03-12,161.106628417969
2018-03-13,159.378601074219
2018-03-14,159.422882080078
2018-03-15,159.289978027344
2018-03-16,159.55583190918
2018-03-19,160.486312866211
2018-03-20,160.973693847656
2018-03-21,159.821701049805
2018-03-22,159.112731933594
2018-03-23,155.922500610352
2018-03-26,154.81477355957
2018-03-27,155.479415893555
2018-03-28,161.328170776367
2018-03-29,162.480194091797
2018-04-03,162.524505615234
2018-04-04,165.493194580078
2018-04-05,168.816360473633
2018-04-06,168.594833374023
2018-04-09,168.594833374023
2018-04-10,169.791152954102
2018-04-11,168.949279785156
2018-04-12,168.993576049805
2018-04-13,169.392379760742
2018-04-16,169.746856689453
2018-04-17,171.696426391602
2018-04-18,169.746856689453
2018-04-19,168.461898803711
2018-04-20,169.613906860352
2018-04-23,169.392379760742
2018-04-24,170.455780029297
2018-04-25,171.810028076172
2018-04-26,173.841415405273
2018-04-27,177.768768310547
2018-04-30,179.529312133789
2018-05-02,176.504776000977
2018-05-03,176.865905761719
2018-05-04,179.664733886719
2018-05-07,178.89729309082
2018-05-08,180.56755065918
2018-05-09,181.560684204102
2018-05-10,181.831527709961
2018-05-11,180.838439941406
2018-05-14,182.102386474609
2018-05-15,182.824661254883
2018-05-16,183.005233764648
2018-05-17,183.637222290039
2018-05-18,184.810897827148
2018-05-21,185.80403137207
2018-05-22,185.352615356445
2018-05-23,186.70686340332
2018-05-24,186.165161132812
2018-05-25,186.977722167969
2018-05-28,187.790267944336
2018-05-29,186.977722167969
2018-05-30,187.158279418945
2018-05-31,185.623458862305
2018-06-01,186.70686340332
2018-06-04,188.241683959961
2018-06-05,188.873687744141
2018-06-06,184.178924560547
2018-06-07,184.269180297852
2018-06-08,186.07487487793
2018-06-11,187.790267944336
2018-06-12,186.887420654297
2018-06-13,189.415374755859
2018-06-14,190.589080810547
2018-06-15,191.672470092773
2018-06-18,188.512542724609
2018-06-19,187.519409179688
2018-06-20,188.873687744141
2018-06-21,186.887420654297
2018-06-22,189.234817504883
2018-06-25,185.713729858398
2018-06-26,187.067977905273
2018-06-27,188.151397705078
2018-06-28,187.790267944336
2018-06-29,190.950180053711
2018-07-02,188.783386230469
2018-07-03,191.130767822266
2018-07-04,190.498779296875
2018-07-05,186.616577148438
2018-07-06,185.80403137207
2018-07-09,186.165161132812
2018-07-10,187.699981689453
2018-07-11,187.699981689453
2018-07-12,190.498779296875
2018-07-13,190.318222045898
2018-07-16,189.325073242188
2018-07-17,190.227935791016
2018-07-18,189.686218261719
2018-07-19,191.221038818359
2018-07-20,191.311325073242
2018-07-23,188.241683959961
2018-07-24,188.963943481445
2018-07-25,187.790267944336
2018-07-26,189.144515991211
2018-07-27,185.984573364258
2018-07-30,187.067977905273
2018-07-31,189.144515991211
2018-08-01,189.595932006836
2018-08-02,189.686218261719
2018-08-03,191.491897583008
2018-08-06,191.85302734375
2018-08-07,192.846160888672
2018-08-08,191.762741088867
2018-08-09,190.498779296875
2018-08-10,185.533187866211
2018-08-13,186.436004638672
2018-08-14,187.970840454102
2018-08-15,183.637222290039
2018-08-16,184.720611572266
2018-08-17,183.637222290039
2018-08-20,185.352615356445
2018-08-21,185.80403137207
2018-08-22,185.984573364258
2018-08-23,187.158279418945
2018-08-24,186.526290893555
2018-08-27,187.60969543457
2018-08-28,188.422225952148
2018-08-29,188.783386230469
2018-08-30,189.595932006836
2018-08-31,186.616577148438
2018-09-03,186.887420654297
2018-09-04,183.36637878418
2018-09-05,180.070983886719
2018-09-06,178.084747314453
2018-09-07,179.845291137695
2018-09-10,180.657852172852
2018-09-11,182.463531494141
2018-09-12,183.727478027344
2018-09-13,183.637222290039
2018-09-14,182.282974243164
2018-09-17,181.921813964844
2018-09-18,181.289825439453
2018-09-19,180.432144165039
2018-09-20,182.734359741211
2018-09-21,186.07487487793
2018-09-24,183.908050537109
2018-09-25,183.998352050781
2018-09-26,185.533187866211
2018-09-27,187.790267944336
2018-09-28,187.519409179688
2018-10-01,188.061126708984
2018-10-02,187.338851928711
2018-10-03,187.790267944336
2018-10-04,181.109283447266
2018-10-05,181.831527709961
2018-10-08,179.845291137695
2018-10-09,180.206420898438
2018-10-10,172.712875366211
2018-10-11,169.372360229492
2018-10-12,166.122146606445
2018-10-15,166.122146606445
2018-10-16,168.198669433594
2018-10-17,169.507797241211
2018-10-18,168.559799194336
2018-10-19,172.712875366211
2018-10-22,172.442047119141
2018-10-23,171.3134765625
2018-10-24,171.358627319336
2018-10-25,173.796295166016
2018-10-26,170.726638793945
2018-10-29,169.823806762695
2018-10-30,168.288955688477
2018-10-31,179.574417114258
2018-11-01,180.386993408203
2018-11-02,181.560684204102
2018-11-05,182.102386474609
2018-11-06,182.914947509766
2018-11-07,183.908050537109
2018-11-08,184.359481811523
2018-11-09,185.623458862305
2018-11-12,185.352615356445
2018-11-13,188.602798461914
2018-11-14,187.24853515625
2018-11-15,187.24853515625
2018-11-16,187.429107666016
2018-11-19,185.442886352539
2018-11-20,184.901168823242
2018-11-21,186.345703125
2018-11-22,185.172058105469
2018-11-23,186.345703125
2018-11-26,185.081726074219
2018-11-27,187.790267944336
2018-11-28,187.24853515625
2018-11-29,188.151397705078
2018-11-30,187.699981689453
2018-12-03,191.582168579102
2018-12-04,191.85302734375
2018-12-05,188.873687744141
2018-12-06,183.185775756836
2018-12-07,185.984573364258
2018-12-10,186.436004638672
2018-12-11,187.519409179688
2018-12-12,189.144515991211
2018-12-13,186.887420654297
2018-12-14,184.449768066406
2018-12-17,183.546920776367
2018-12-18,182.824661254883
2018-12-19,183.36637878418
2018-12-20,182.012115478516
2018-12-21,181.199554443359
2018-12-24,178.445877075195
2018-12-27,176.595077514648
2018-12-28,178.852172851562
2018-12-31,181.650970458984
2019-01-02,180.206420898438
2019-01-03,178.039611816406
2019-01-04,180.56755065918
2019-01-07,178.265319824219
2019-01-08,179.348709106445
2019-01-09,177.904174804688
2019-01-10,178.89729309082
2019-01-11,178.716720581055
2019-01-14,176.865905761719
2019-01-15,177.768768310547
2019-01-16,176.279083251953
2019-01-17,177.633346557617
2019-01-18,180.386993408203
2019-01-21,179.529312133789
2019-01-22,179.393859863281
2019-01-23,181.018997192383
2019-01-24,180.116165161133
2019-01-25,181.109283447266
2019-01-28,181.650970458984
2019-01-29,185.894302368164
2019-01-30,187.970840454102
2019-01-31,189.686218261719
2019-02-01,191.221038818359
2019-02-04,191.221038818359
2019-02-05,198.534027099609
2019-02-06,196.096374511719
2019-02-07,195.103225708008
2019-02-08,197.540924072266
2019-02-11,199.707733154297
2019-02-12,202.687103271484
2019-02-13,201.152282714844
2019-02-14,199.075744628906
2019-02-15,200.249435424805
2019-02-18,202.867645263672
2019-02-19,201.423126220703
2019-02-20,202.596786499023
2019-02-21,203.589920043945
2019-02-22,203.228790283203
2019-02-25,202.325973510742
2019-02-26,202.325973510742
2019-02-27,198.895172119141
2019-02-28,200.339706420898
2019-03-01,201.693954467773
2019-03-04,201.513397216797
2019-03-05,204.221893310547
2019-03-06,202.23567199707
2019-03-07,205.937316894531
2019-03-08,206.84016418457
2019-03-11,205.215042114258
2019-03-12,206.117874145508
2019-03-13,206.659591674805
2019-03-14,210.000091552734
2019-03-15,213.160003662109
2019-03-18,212.347442626953
2019-03-19,211.896041870117
2019-03-20,212.347442626953
2019-03-21,214.243408203125
2019-03-22,211.896041870117
2019-03-25,211.986297607422
2019-03-26,215.146240234375
2019-03-27,215.236526489258
2019-03-28,215.417114257812
2019-03-29,216.500518798828
2019-04-01,217.042190551758
2019-04-02,215.417114257812
2019-04-03,216.86164855957
2019-04-04,217.854766845703
2019-04-05,216.681060791016
2019-04-08,216.951919555664
2019-04-09,216.681060791016
2019-04-10,218.93815612793
2019-04-11,216.86164855957
2019-04-12,216.951919555664
2019-04-15,215.326797485352
2019-04-16,216.951919555664
2019-04-17,219.118743896484
2019-04-18,219.57014465332
2019-04-23,219.479858398438
2019-04-24,221.195251464844
2019-04-25,220.021560668945
2019-04-26,221.902084350586
2019-04-29,222.819412231445
2019-04-30,224.837554931641
2019-05-02,218.966644287109
2019-05-03,221.351699829102
2019-05-06,220.526107788086
2019-05-07,216.581604003906
2019-05-08,218.599700927734
2019-05-09,216.306381225586
2019-05-10,215.572525024414
2019-05-13,216.214645385742
2019-05-14,217.682373046875
2019-05-15,219.883972167969
2019-05-16,224.287155151367
2019-05-17,223.461563110352
2019-05-20,221.259963989258
2019-05-21,221.351699829102
2019-05-22,223.002899169922
2019-05-23,222.085586547852
2019-05-24,223.094635009766
2019-05-27,224.287155151367
2019-05-28,223.369827270508
2019-05-29,220.434387207031
2019-05-30,221.902084350586
2019-05-31,220.526107788086
2019-06-03,221.53515625
2019-06-04,219.975692749023
2019-06-05,222.177291870117
2019-06-06,222.085586547852
2019-06-07,224.837554931641
2019-06-10,224.929290771484
2019-06-11,225.296203613281
2019-06-12,226.763931274414
2019-06-13,226.947402954102
2019-06-14,227.497802734375
2019-06-17,228.690338134766
2019-06-18,231.992721557617
2019-06-19,233.185256958008
2019-06-20,234.469512939453
2019-06-21,234.194320678711
2019-06-24,234.286041259766
2019-06-25,233.093521118164
2019-06-26,229.332473754883
2019-06-27,227.497802734375
2019-06-28,229.791122436523
2019-07-01,228.690338134766
2019-07-02,233.00178527832
2019-07-03,235.662033081055
2019-07-04,234.194320678711
2019-07-05,231.809265136719
2019-07-08,233.552200317383
2019-07-09,232.726593017578
2019-07-10,232.818328857422
2019-07-11,230.616714477539
2019-07-12,230.708450317383
2019-07-15,229.791122436523
2019-07-16,230.524993896484
2019-07-17,230.800201416016
2019-07-18,229.882858276367
2019-07-19,227.497802734375
2019-07-22,229.607681274414
2019-07-23,229.607681274414
2019-07-24,226.672225952148
2019-07-25,227.497802734375
2019-07-26,228.506866455078
2019-07-29,230.341552734375
2019-07-30,226.947402954102
2019-07-31,221.993835449219
2019-08-01,224.929290771484
2019-08-02,217.957595825195
2019-08-05,211.261077880859
2019-08-06,209.701614379883
2019-08-07,213.737854003906
2019-08-08,218.324493408203
2019-08-09,213.462661743164
2019-08-12,215.113876342773
2019-08-13,214.196517944336
2019-08-14,211.077606201172
2019-08-15,211.261077880859
2019-08-16,214.013046264648
2019-08-19,217.957595825195
2019-08-20,216.856781005859
2019-08-21,221.168243408203
2019-08-22,219.241821289062
2019-08-23,216.581604003906
2019-08-26,218.874923706055
2019-08-27,223.920227050781
2019-08-28,225.938354492188
2019-08-29,228.690338134766
2019-08-30,228.048217773438
2019-09-02,230.43327331543
2019-09-03,231.992721557617
2019-09-04,233.735656738281
2019-09-05,229.974609375
2019-09-06,230.43327331543
2019-09-09,228.690338134766
2019-09-10,227.589553833008
2019-09-11,227.314361572266
2019-09-12,229.149002075195
2019-09-13,224.195419311523
2019-09-16,222.085586547852
2019-09-17,225.846603393555
2019-09-18,226.580490112305
2019-09-19,226.855667114258
2019-09-20,228.415145874023
2019-09-23,225.938354492188
2019-09-24,228.231674194336
2019-09-25,225.938354492188
2019-09-26,230.341552734375
2019-09-27,232.451370239258
2019-09-30,235.662033081055
2019-10-01,229.424209594727
2019-10-02,220.709564208984
2019-10-03,222.544235229492
2019-10-04,225.663146972656
2019-10-07,227.497802734375
2019-10-08,225.112762451172
2019-10-09,227.130874633789
2019-10-10,225.021026611328
2019-10-11,223.094635009766
2019-10-14,223.645004272461
2019-10-15,224.011962890625
2019-10-16,225.112762451172
2019-10-17,224.103698730469
2019-10-18,220.801300048828
2019-10-21,218.141052246094
2019-10-22,219.42529296875
2019-10-23,219.333572387695
2019-10-24,221.902084350586
2019-10-25,223.18635559082
2019-10-28,222.911148071289
2019-10-29,224.37890625
2019-10-30,241.349487304688
2019-10-31,240.156967163086
2019-11-01,238.872695922852
2019-11-04,238.964431762695
2019-11-05,241.44123840332
2019-11-06,243.092407226562
2019-11-07,241.991607666016
2019-11-08,242.450271606445
2019-11-11,241.257781982422
2019-11-12,239.790008544922
2019-11-13,240.523910522461
2019-11-14,240.523910522461
2019-11-15,239.881744384766
2019-11-18,240.615600585938
2019-11-19,239.239624023438
2019-11-20,237.22151184082
2019-11-21,234.377777099609
2019-11-22,234.286041259766
2019-11-25,234.286041259766
2019-11-26,236.02897644043
2019-11-27,236.579376220703
2019-11-28,235.753784179688
2019-11-29,237.313247680664
2019-12-02,230.891937255859
2019-12-03,230.249801635742
2019-12-04,232.176193237305
2019-12-05,230.43327331543
2019-12-06,235.478591918945
2019-12-09,233.185256958008
2019-12-10,234.377777099609
2019-12-11,233.368713378906
2019-12-12,235.111618041992
2019-12-13,235.111618041992
2019-12-16,239.606582641602
2019-12-17,234.836456298828
2019-12-18,234.744705200195
2019-12-19,237.496688842773
2019-12-20,242.817230224609
2019-12-23,243.367599487305
2019-12-24,242.633743286133
2019-12-25,242.633743286133
2019-12-27,244.101470947266
2019-12-30,241.44123840332
2019-12-31,242.175094604492
2020-01-02,242.35856628418
2020-01-03,242.083312988281
2020-01-06,241.257781982422
2020-01-07,238.13883972168
2020-01-08,239.606582641602
2020-01-09,241.074279785156
2020-01-10,242.083312988281
2020-01-13,240.799102783203
2020-01-14,241.991607666016
2020-01-15,247.128646850586
2020-01-16,247.495590209961
2020-01-17,252.540908813477
2020-01-20,251.623565673828
2020-01-21,248.321228027344
2020-01-22,246.761734008789
2020-01-23,244.927062988281
2020-01-24,248.137725830078
2020-01-27,236.671081542969
2020-01-28,239.973495483398
2020-01-29,240.615600585938
2020-01-30,238.13883972168
2020-01-31,231.075393676758
2020-02-03,233.919128417969
2020-02-04,239.881744384766
2020-02-05,241.349487304688
2020-02-06,245.660949707031
2020-02-07,248.321228027344
2020-02-10,248.41291809082
2020-02-11,250.431045532227
2020-02-12,248.688110351562
2020-02-13,249.055053710938
2020-02-14,246.027877807617
2020-02-17,245.385726928711
2020-02-18,246.119583129883
2020-02-19,249.788925170898
2020-02-20,243.734558105469
2020-02-21,244.009750366211
2020-02-24,234.836456298828
2020-02-25,231.809265136719
2020-02-26,233.00178527832
2020-02-27,226.21354675293
2020-02-28,221.07649230957
2020-03-02,227.039138793945
2020-03-03,230.616714477539
2020-03-04,238.047119140625
2020-03-05,236.212463378906
2020-03-06,232.726593017578
2020-03-09,217.223724365234
2020-03-10,215.022094726562
2020-03-11,210.710678100586
2020-03-12,195.391250610352
2020-03-13,198.143249511719
2020-03-16,190.437683105469
2020-03-17,204.197616577148
2020-03-18,205.84880065918
2020-03-19,208.784271240234
2020-03-20,208.23388671875
2020-03-23,202.36296081543
2020-03-24,218.599700927734
2020-03-25,232.818328857422
2020-03-26,233.552200317383
2020-03-27,220.159164428711
2020-03-30,225.938354492188
2020-03-31,219.150085449219
2020-04-01,214.013046264648
2020-04-02,218.324493408203
2020-04-03,216.765060424805
2020-04-06,215.939453125
2020-04-07,220.159164428711
2020-04-08,222.360763549805
2020-04-09,224.562347412109
2020-04-14,229.791122436523
2020-04-15,225.571426391602
2020-04-16,224.287155151367
2020-04-17,227.130874633789
2020-04-20,234.561248779297
2020-04-21,225.47966003418
2020-04-22,227.589553833008
2020-04-23,225.47966003418
2020-04-24,223.18635559082
2020-04-27,225.846603393555
2020-04-28,233.368713378906
2020-04-29,235.019927978516
2020-04-30,243.367599487305
2020-05-04,229.515930175781
2020-05-05,227.681274414062
2020-05-06,222.911148071289
2020-05-07,228.415145874023
2020-05-08,232.54313659668
2020-05-11,234.744705200195
2020-05-12,232.359649658203
2020-05-13,225.112762451172
2020-05-14,221.443420410156
2020-05-15,222.635940551758
2020-05-18,229.607681274414
2020-05-19,227.773010253906
2020-05-20,232.359649658203
2020-05-21,227.773010253906
2020-05-22,227.589553833008
2020-05-25,230.341552734375
2020-05-26,227.956466674805
2020-05-27,230.616714477539
2020-05-28,238.689239501953
2020-05-29,240.248687744141
2020-06-01,237.404968261719
2020-06-02,239.606582641602
2020-06-03,248.045989990234
2020-06-04,244.468414306641
2020-06-05,247.403854370117
2020-06-08,242.817230224609
2020-06-09,244.009750366211
2020-06-10,244.560150146484
2020-06-11,242.817230224609
2020-06-12,241.624694824219
2020-06-15,239.331359863281
2020-06-16,249.605499267578
2020-06-17,253.36653137207
2020-06-18,253.733413696289
2020-06-19,256.118530273438
2020-06-22,253.825180053711
2020-06-23,257.402770996094
2020-06-24,255.93505859375
2020-06-25,257.769714355469
2020-06-26,261.53076171875
2020-06-29,261.714202880859
2020-06-30,262.081176757812
2020-07-01,262.998474121094
2020-07-02,272.171783447266
2020-07-03,269.151245117188
2020-07-06,269.801818847656
2020-07-07,267.943054199219
2020-07-08,265.247833251953
2020-07-09,266.455993652344
2020-07-10,268.221862792969
2020-07-13,267.478332519531
2020-07-14,265.619598388672
2020-07-15,270.545318603516
2020-07-16,266.827789306641
2020-07-17,269.801818847656
2020-07-20,269.523010253906
2020-07-21,269.151245117188
2020-07-22,266.827789306641
2020-07-23,270.731201171875
2020-07-24,264.783111572266
2020-07-27,265.433685302734
2020-07-28,266.455993652344
2020-07-29,268.779479980469
2020-07-30,264.411376953125
2020-07-31,263.017272949219
2020-08-03,258.463256835938
2020-08-04,261.716156005859
2020-08-05,262.552581787109
2020-08-06,259.299743652344
2020-08-07,257.998596191406
2020-08-10,256.511566162109
2020-08-11,257.626831054688
2020-08-12,262.273773193359
2020-08-13,262.552581787109
2020-08-14,258.835021972656
2020-08-17,259.206756591797
2020-08-18,259.485595703125
2020-08-19,263.017272949219
2020-08-20,259.299743652344
2020-08-21,254.559814453125
2020-08-24,258.927947998047
2020-08-25,259.113830566406
2020-08-26,261.530242919922
2020-08-27,260.786712646484
2020-08-28,257.626831054688
2020-08-31,257.347991943359
2020-09-01,257.905639648438
2020-09-02,261.344390869141
2020-09-03,258.927947998047
2020-09-04,254.559814453125
2020-09-07,258.927947998047
2020-09-08,256.418609619141
2020-09-09,262.6455078125
2020-09-10,261.623229980469
2020-09-11,262.273773193359
2020-09-14,261.530242919922
2020-09-15,263.389007568359
2020-09-16,261.158508300781
2020-09-17,260.229095458984
2020-09-18,257.069213867188
2020-09-21,251.957534790039
2020-09-22,254.559814453125
2020-09-23,257.905639648438
2020-09-24,254.745712280273
2020-09-25,251.585815429688
2020-09-28,258.927947998047
2020-09-29,261.623229980469
2020-09-30,257.998596191406
2020-10-01,262.738464355469
2020-10-02,261.344390869141
2020-10-05,260.229095458984
2020-10-06,259.485595703125
2020-10-07,258.463256835938
2020-10-08,258.835021972656
2020-10-09,262.459655761719
2020-10-12,267.106567382812
2020-10-13,266.827789306641
2020-10-14,269.801818847656
2020-10-15,264.597229003906
2020-10-16,270.824157714844
2020-10-19,268.128936767578
2020-10-20,270.080657958984
2020-10-21,266.548919677734
2020-10-22,265.154846191406
2020-10-23,268.221862792969
2020-10-26,265.154846191406
2020-10-27,266.827789306641
2020-10-28,259.113830566406
2020-10-29,259.392669677734
2020-10-30,258.091522216797
2020-11-02,263.853698730469
2020-11-03,269.708892822266
2020-11-04,278.723968505859
2020-11-05,277.701629638672
2020-11-06,276.028717041016
2020-11-09,289.040222167969
2020-11-10,293.129486083984
2020-11-11,296.475341796875
2020-11-12,294.895324707031
2020-11-13,292.014221191406
2020-11-16,295.081207275391
2020-11-17,294.244781494141
2020-11-18,292.386016845703
2020-11-19,288.854309082031
2020-11-20,290.062530517578
2020-11-23,284.672058105469
2020-11-24,275.006378173828
2020-11-25,282.906219482422
2020-11-26,284.207336425781
2020-11-27,287.460205078125
2020-11-30,285.136749267578
2020-12-01,284.672058105469
2020-12-02,284.764984130859
2020-12-03,283.463836669922
2020-12-04,284.672058105469
2020-12-07,282.534454345703
2020-12-08,283.277954101562
2020-12-09,280.675689697266
2020-12-10,280.396850585938
2020-12-11,281.140350341797
2020-12-14,281.326263427734
2020-12-15,281.140350341797
2020-12-16,287.553161621094
2020-12-17,283.18505859375
2020-12-18,283.835601806641
2020-12-21,274.727569580078
2020-12-22,280.489807128906
2020-12-23,282.255645751953
2020-12-24,280.954498291016
2020-12-28,287.274353027344
2020-12-29,290.155456542969
2020-12-30,291.084899902344
2020-12-31,288.854309082031
2021-01-04,289.690765380859
2021-01-05,286.716735839844
2021-01-06,286.995513916016
2021-01-07,285.880279541016
2021-01-08,284.672058105469
2021-01-11,283.556823730469
2021-01-12,279.281585693359
2021-01-13,280.210998535156
2021-01-14,276.958129882812
2021-01-15,277.329833984375
2021-01-18,275.935791015625
2021-01-19,276.121673583984
2021-01-20,272.868804931641
2021-01-21,273.798217773438
2021-01-22,275.378143310547
2021-01-25,277.887512207031
2021-01-26,280.489807128906
2021-01-27,276.586364746094
2021-01-28,276.400512695312
2021-01-29,269.615966796875
2021-02-01,275.564056396484
2021-02-02,277.329833984375
2021-02-03,275.006378173828
2021-02-04,277.051086425781
2021-02-05,284.021484375
2021-02-08,286.437927246094
2021-02-09,290.713043212891
2021-02-10,289.318969726562
2021-02-11,287.181457519531
2021-02-12,295.82470703125
2021-02-15,292.757751464844
2021-02-16,291.456604003906
2021-02-17,294.616516113281
2021-02-18,294.430633544922
2021-02-19,293.780059814453
2021-02-22,288.947235107422
2021-02-23,289.690765380859
2021-02-24,285.508514404297
2021-02-25,285.229705810547
2021-02-26,281.419219970703
2021-03-01,284.114471435547
2021-03-02,287.088470458984
2021-03-03,285.880279541016
2021-03-04,288.854309082031
2021-03-05,286.995513916016
2021-03-08,286.995513916016
2021-03-09,289.133148193359
2021-03-10,296.010620117188
2021-03-11,298.427001953125
2021-03-12,299.821105957031
2021-03-15,298.798828125
2021-03-16,300.564605712891
2021-03-17,302.981048583984
2021-03-18,299.263458251953
2021-03-19,297.776428222656
2021-03-22,298.148193359375
2021-03-23,298.984649658203
2021-03-24,295.731811523438
2021-03-25,299.914093017578
2021-03-26,300.750518798828
2021-03-29,303.538665771484
2021-03-30,304.653900146484
2021-03-31,303.724578857422
2021-04-01,300.982849121094
2021-04-06,307.767364501953
2021-04-07,307.349182128906
2021-04-08,315.620758056641
2021-04-09,314.551910400391
2021-04-12,313.297302246094
2021-04-13,316.038940429688
2021-04-14,315.202514648438
2021-04-15,318.594757080078
2021-04-16,312.786071777344
2021-04-19,314.923706054688
2021-04-20,313.761932373047
2021-04-21,318.408935546875
2021-04-22,323.148803710938
2021-04-23,321.057708740234
2021-04-26,318.548278808594
2021-04-27,316.150390625
2021-04-28,318.783386230469
2021-04-29,322.638885498047
2021-04-30,321.275360107422
2021-05-03,324.989807128906
2021-05-04,320.993255615234
2021-05-05,325.365966796875
2021-05-06,326.917541503906
2021-05-07,329.033355712891
2021-05-10,331.38427734375
2021-05-11,325.742065429688
2021-05-12,325.648071289062
2021-05-13,329.268463134766
2021-05-14,331.337249755859
2021-05-17,334.252380371094
2021-05-18,330.961120605469
2021-05-19,329.268463134766
2021-05-20,337.449615478516
2021-05-21,339.753509521484
2021-05-24,342.950775146484
2021-05-25,345.301666259766
2021-05-26,344.596405029297
2021-05-27,344.079162597656
2021-05-28,349.392242431641
2021-05-31,346.336059570312
2021-06-01,347.934661865234
2021-06-02,349.439270019531
2021-06-03,350.61474609375
2021-06-04,353.953002929688
2021-06-07,356.162872314453
2021-06-08,358.090606689453
2021-06-09,359.219024658203
2021-06-10,359.219024658203
2021-06-11,361.146789550781
2021-06-14,361.616973876953
2021-06-15,364.344055175781
2021-06-16,365.989654541016
2021-06-17,368.058471679688
2021-06-18,367.024047851562
2021-06-21,366.036682128906
2021-06-22,364.391052246094
2021-06-23,358.701843261719
2021-06-24,366.882995605469
2021-06-25,362.416259765625
2021-06-28,362.6513671875
2021-06-29,360.394500732422
2021-06-30,353.388793945312
2021-07-01,352.965637207031
2021-07-02,350.426635742188
2021-07-05,350.473693847656
2021-07-06,348.404846191406
2021-07-07,354.047058105469
2021-07-08,343.232879638672
2021-07-09,349.627319335938
2021-07-12,352.965637207031
2021-07-13,353.106689453125
2021-07-14,354.047058105469
2021-07-15,351.319976806641
2021-07-16,352.260345458984
2021-07-19,350.896820068359
2021-07-20,354.235137939453
2021-07-21,356.539001464844
2021-07-22,356.586029052734
2021-07-23,363.967864990234
2021-07-26,360.629608154297
2021-07-27,360.676605224609
2021-07-28,362.839447021484
2021-07-29,361.946105957031
2021-07-30,362.886444091797
2021-08-02,369.280975341797
2021-08-03,370.362365722656
2021-08-04,371.819915771484
2021-08-05,374.499969482422
2021-08-06,375.252258300781
2021-08-09,375.299285888672
2021-08-10,374.405914306641
2021-08-11,376.427703857422
2021-08-12,379.766021728516
2021-08-13,379.060729980469
2021-08-16,374.8291015625
2021-08-17,376.239654541016
2021-08-18,369.751129150391
2021-08-19,365.613525390625
2021-08-20,369.092895507812
2021-08-23,371.537811279297
2021-08-24,369.751129150391
2021-08-25,369.610046386719
2021-08-26,370.597442626953
2021-08-27,370.127258300781
2021-08-30,373.512573242188
2021-08-31,372.666259765625
2021-09-01,375.675415039062
2021-09-02,376.286651611328
2021-09-03,371.302734375
2021-09-06,372.713287353516
2021-09-07,369.610046386719
2021-09-08,370.550415039062
2021-09-09,373.982757568359
2021-09-10,374.593994140625
2021-09-13,373.794677734375
2021-09-14,374.8291015625
2021-09-15,369.563049316406
2021-09-16,360.441497802734
2021-09-17,359.783264160156
2021-09-20,350.050506591797
2021-09-21,360.582580566406
2021-09-22,361.52294921875
2021-09-23,364.155975341797
2021-09-24,355.786712646484
2021-09-27,349.815399169922
2021-09-28,341.070037841797
2021-09-29,341.634216308594
2021-09-30,335.568908691406
2021-10-01,339.988616943359
2021-10-04,339.941589355469
2021-10-05,342.104400634766
2021-10-06,336.791351318359
2021-10-07,340.317718505859
2021-10-08,336.274169921875
2021-10-11,334.534484863281
2021-10-12,334.205352783203
2021-10-13,340.787902832031
2021-10-14,347.887664794922
2021-10-15,347.511505126953
2021-10-18,344.079162597656
2021-10-19,340.928955078125
2021-10-20,342.574584960938
2021-10-21,347.276428222656
2021-10-22,364.908233642578
2021-10-25,360.958740234375
2021-10-26,367.165130615234
2021-10-27,365.190368652344
2021-10-28,369.986206054688
2021-10-29,371.396789550781
2021-11-01,374.452941894531
2021-11-02,376.145599365234
2021-11-03,381.364593505859
2021-11-04,384.420776367188
2021-11-05,388.182250976562
2021-11-08,387.6650390625
2021-11-09,389.827880859375
2021-11-10,389.639831542969
2021-11-11,389.73388671875
2021-11-12,395.846221923828
2021-11-15,398.761322021484
2021-11-16,401.723510742188
2021-11-17,404.168426513672
2021-11-18,397.679931640625
2021-11-19,400.124877929688
2021-11-22,392.931091308594
2021-11-23,387.147888183594
2021-11-24,387.947143554688
2021-11-25,390.721252441406
2021-11-26,378.308410644531
2021-11-29,377.838226318359
2021-11-30,373.794677734375
2021-12-01,381.928833007812
2021-12-02,374.405914306641
2021-12-03,376.991912841797
2021-12-06,384.232727050781
2021-12-07,399.466613769531
2021-12-08,393.307250976562
2021-12-09,394.106567382812
2021-12-10,395.940246582031
2021-12-13,393.072143554688
2021-12-14,390.439147949219
2021-12-15,392.413879394531
2021-12-16,393.495330810547
2021-12-17,388.417327880859
2021-12-20,386.489624023438
2021-12-21,390.157012939453
2021-12-22,394.012512207031
2021-12-23,397.444854736328
2021-12-24,397.162750244141
2021-12-27,393.213195800781
2021-12-28,395.987274169922
2021-12-29,393.871459960938
2021-12-30,394.764801025391
2021-12-31,392.084777832031
2022-01-03,400.595062255859
2022-01-04,405.673034667969
2022-01-05,402.663879394531
2022-01-06,388.370330810547
2022-01-07,385.126068115234
2022-01-10,371.114654541016
2022-01-11,372.713287353516
2022-01-12,376.192626953125
2022-01-13,365.613525390625
2022-01-14,356.774108886719
2022-01-17,362.275207519531
2022-01-18,353.576873779297
2022-01-19,354.752319335938
2022-01-20,358.090606689453
2022-01-21,353.106689453125
2022-01-24,344.502349853516
2022-01-25,347.793609619141
2022-01-26,349.909454345703
2022-01-27,350.802795410156
2022-01-28,346.148010253906
2022-01-31,354.376190185547
2022-02-01,355.269500732422
2022-02-02,356.962188720703
2022-02-03,350.285583496094
2022-02-04,345.81884765625
2022-02-07,349.204162597656
2022-02-08,346.900299072266
2022-02-09,349.251190185547
2022-02-10,342.292510986328
2022-02-11,342.245483398438
2022-02-14,332.042541503906
2022-02-15,337.919799804688
2022-02-16,333.970275878906
2022-02-17,335.333801269531
2022-02-18,339.236328125
2022-02-21,325.789093017578
2022-02-22,327.951934814453
2022-02-23,323.015014648438
2022-02-24,320.334991455078
2022-02-25,332.841857910156
2022-02-28,333.829223632812
2022-03-01,324.190490722656
2022-03-02,327.716857910156
2022-03-03,325.648071289062
2022-03-04,316.338439941406
2022-03-07,321.463439941406
2022-03-08,308.721496582031
2022-03-09,334.769592285156
2022-03-10,318.595306396484
2022-03-11,318.031127929688
2022-03-14,324.660675048828
2022-03-15,323.485198974609
2022-03-16,338.484039306641
2022-03-17,339.330352783203
2022-03-18,341.070037841797
2022-03-21,333.970275878906
2022-03-22,341.681274414062
2022-03-23,335.945037841797
2022-03-24,329.033355712891
2022-03-25,328.516174316406
2022-03-28,332.465698242188
2022-03-29,347.229431152344
2022-03-30,344.784454345703
2022-03-31,342.151458740234
2022-04-01,345.771850585938
2022-04-04,348.922058105469
2022-04-05,352.166320800781
2022-04-06,344.549346923828
2022-04-07,345.301666259766
2022-04-08,345.912902832031
2022-04-11,342.715667724609
2022-04-12,340.082641601562
2022-04-13,337.778747558594
2022-04-14,339.894592285156
2022-04-19,330.020751953125
2022-04-20,332.559722900391
2022-04-21,339.424407958984
2022-04-22,331.948486328125
2022-04-25,321.510467529297
2022-04-26,318.031127929688
2022-04-27,325.805389404297
2022-04-28,331.290344238281
2022-04-29,332.816558837891
2022-05-02,324.422241210938
2022-05-03,318.126495361328
2022-05-04,314.597045898438
2022-05-05,314.024719238281
2022-05-06,301.433197021484
2022-05-09,290.367919921875
2022-05-10,294.755889892578
2022-05-11,308.921356201172
2022-05-12,307.824340820312
2022-05-13,317.124908447266
2022-05-16,312.689239501953
2022-05-17,313.118530273438
2022-05-18,301.433197021484
2022-05-19,294.422027587891
2022-05-20,293.611175537109
2022-05-23,299.143829345703
2022-05-24,294.088134765625
2022-05-25,293.27734375
2022-05-26,297.569885253906
2022-05-27,309.827514648438
2022-05-30,316.409484863281
2022-05-31,313.404693603516
2022-06-01,307.108917236328
2022-06-02,316.695648193359
2022-06-03,312.784637451172
2022-06-06,317.744934082031
2022-06-07,312.260009765625
2022-06-08,311.830718994141
2022-06-09,307.490509033203
2022-06-10,300.240814208984
2022-06-13,294.088134765625
2022-06-14,287.744689941406
2022-06-15,293.325012207031
2022-06-16,290.415649414062
2022-06-17,293.468109130859
2022-06-20,294.278930664062
2022-06-21,301.051635742188
2022-06-22,302.339416503906
2022-06-23,308.444366455078
2022-06-24,321.322082519531
2022-06-27,319.128051757812
2022-06-28,315.694061279297
2022-06-29,315.503265380859
2022-06-30,314.120086669922
2022-07-01,314.215484619141
2022-07-04,316.409484863281
2022-07-05,316.170959472656
2022-07-06,331.719604492188
2022-07-07,328.047058105469
2022-07-08,315.217102050781
2022-07-11,314.310882568359
2022-07-12,323.229888916016
2022-07-13,320.51123046875
2022-07-14,319.366546630859
2022-07-15,324.708404541016
2022-07-18,326.425476074219
2022-07-19,331.194976806641
2022-07-20,328.237854003906
2022-07-21,331.004150390625
2022-07-22,337.299926757812
2022-07-25,337.442993164062
2022-07-26,338.587707519531
2022-07-27,339.350799560547
2022-07-28,338.349243164062
2022-07-29,351.131530761719
2022-08-01,352.228485107422
2022-08-02,347.029724121094
2022-08-03,344.740356445312
2022-08-04,349.462158203125
2022-08-05,341.640167236328
2022-08-08,344.358825683594
2022-08-09,342.737152099609
2022-08-10,344.358825683594
2022-08-11,343.691070556641
2022-08-12,343.357208251953
2022-08-15,346.552764892578
2022-08-16,346.028137207031
2022-08-17,347.697448730469
2022-08-18,347.029724121094
2022-08-19,345.455780029297
2022-08-22,345.217346191406
2022-08-23,337.776885986328
2022-08-24,344.024963378906
2022-08-25,342.975616455078
2022-08-26,336.489105224609
2022-08-29,330.861083984375
2022-08-30,326.807006835938
2022-08-31,327.427062988281
2022-09-01,322.60986328125
2022-09-02,328.905578613281
2022-09-05,325.900787353516
2022-09-06,327.80859375
2022-09-07,326.234680175781
2022-09-08,325.853118896484
2022-09-09,329.382537841797
2022-09-12,336.155212402344
2022-09-13,332.148864746094
2022-09-14,328.905578613281
2022-09-15,326.950073242188
2022-09-16,323.420623779297
2022-09-19,317.697204589844
2022-09-20,318.651123046875
2022-09-21,321.751312255859
2022-09-22,313.070831298828
2022-09-23,310.781433105469
2022-09-26,313.643127441406
2022-09-27,310.733764648438
2022-09-28,310.161407470703
2022-09-29,308.444366455078
2022-09-30,315.026275634766
2022-10-03,311.639984130859
2022-10-04,322.60986328125
2022-10-05,320.129669189453
2022-10-06,318.841888427734
2022-10-07,313.023101806641
2022-10-10,309.779846191406
2022-10-11,312.403076171875
2022-10-12,313.452362060547
2022-10-13,305.582672119141
2022-10-14,311.306091308594
2022-10-17,313.356994628906
2022-10-18,314.930908203125
2022-10-19,312.498474121094
2022-10-20,314.024719238281
2022-10-21,295.80517578125
2022-10-24,301.528594970703
2022-10-25,306.822723388672
2022-10-26,305.058013916016
2022-10-27,301.194732666016
2022-10-28,299.763885498047
2022-10-31,303.436401367188
2022-11-01,302.864044189453
2022-11-02,293.754272460938
2022-11-03,287.124633789062
2022-11-04,306.584289550781
2022-11-07,308.301300048828
2022-11-08,312.546173095703
2022-11-09,312.689239501953
2022-11-10,322.943695068359
2022-11-11,330.813354492188
2022-11-14,330.527221679688
2022-11-15,326.950073242188
2022-11-16,329.620971679688
2022-11-17,330.574920654297
2022-11-18,332.053497314453
2022-11-21,332.196533203125
2022-11-22,328.85791015625
2022-11-23,332.864288330078
2022-11-24,335.10595703125
2022-11-25,334.104339599609
2022-11-28,336.44140625
2022-11-29,331.481140136719
2022-11-30,338.444580078125
2022-12-01,341.878662109375
2022-12-02,344.120300292969
2022-12-05,340.352386474609
2022-12-06,342.4033203125
2022-12-07,340.018585205078
2022-12-08,338.635406494141
2022-12-09,338.635406494141
2022-12-12,333.579711914062
2022-12-13,337.967651367188
2022-12-14,339.112335205078
2022-12-15,323.516052246094
2022-12-16,320.272766113281
2022-12-19,319.605041503906
2022-12-20,314.787811279297
2022-12-21,324.422241210938
2022-12-22,319.271179199219
2022-12-23,317.888031005859
2022-12-27,321.226684570312
2022-12-28,319.938903808594
2022-12-29,323.086791992188
2022-12-30,318.221862792969
2023-01-02,321.560516357422
2023-01-03,322.800598144531
2023-01-04,339.732391357422
2023-01-05,337.729156494141
2023-01-06,342.069427490234
2023-01-09,348.985260009766
2023-01-10,347.554382324219
2023-01-11,350.749938964844
2023-01-12,350.225311279297
2023-01-13,356.664123535156
2023-01-16,360.050506591797
2023-01-17,369.160278320312
2023-01-18,365.9169921875
2023-01-19,359.239685058594
2023-01-20,362.864501953125
2023-01-23,365.344665527344
2023-01-24,362.006011962891
2023-01-25,363.675354003906
2023-01-26,367.538635253906
2023-01-27,361.004425048828
2023-01-30,362.769104003906
2023-01-31,360.622833251953
2023-02-01,355.233276367188
2023-02-02,360.002807617188
2023-02-03,366.680114746094
2023-02-06,364.343048095703
2023-02-07,359.478179931641
2023-02-08,358.047332763672
2023-02-09,361.290588378906
2023-02-10,358.285797119141
2023-02-13,371.688140869141
2023-02-14,369.875701904297
2023-02-15,372.02197265625
2023-02-16,373.548217773438
2023-02-17,366.870910644531
2023-02-20,363.389190673828
2023-02-21,368.063293457031
2023-02-22,368.444854736328
2023-02-23,366.680114746094
2023-02-24,355.757965087891
2023-02-27,360.813629150391
2023-02-28,357.808837890625
2023-03-01,354.851715087891
2023-03-02,360.909027099609
2023-03-03,362.339874267578
2023-03-06,360.813629150391
2023-03-07,359.716644287109
2023-03-08,358.858123779297
2023-03-09,358.524291992188
2023-03-10,356.568725585938
2023-03-13,355.996429443359
2023-03-14,360.193572998047
2023-03-15,354.040924072266
2023-03-16,366.012420654297
2023-03-17,362.721435546875
2023-03-20,369.112579345703
2023-03-21,367.824829101562
2023-03-22,375.646789550781
2023-03-23,379.176239013672
2023-03-24,379.700897216797
2023-03-27,382.181030273438
2023-03-28,379.748596191406
2023-03-29,384.327301025391
2023-03-30,386.855163574219
2023-03-31,392.292388916016
2023-04-03,396.298797607422
2023-04-04,400.972930908203
2023-04-05,404.168487548828
2023-04-06,391.195434570312
2023-04-11,397.92041015625
2023-04-12,393.150909423828
2023-04-13,404.550048828125
2023-04-14,401.259094238281
2023-04-17,403.643859863281
2023-04-18,404.740814208984
2023-04-19,402.8330078125
2023-04-20,409.748809814453
2023-04-21,422.197265625
2023-04-24,417.046203613281
2023-04-25,412.467437744141
2023-04-26,413.724975585938
2023-04-27,419.577270507812
2023-04-28,418.609954833984
2023-05-02,416.675323486328
2023-05-03,414.692291259766
2023-05-04,407.437347412109
2023-05-05,410.581176757812
2023-05-08,414.305358886719
2023-05-09,408.888366699219
2023-05-10,403.568054199219
2023-05-11,409.855651855469
2023-05-12,407.340637207031
2023-05-15,407.437347412109
2023-05-16,405.841247558594
2023-05-17,401.923614501953
2023-05-18,403.374572753906
2023-05-19,407.824279785156
2023-05-22,405.0673828125
2023-05-23,399.118347167969
2023-05-24,390.799377441406
2023-05-25,393.362762451172
2023-05-26,397.570617675781
2023-05-29,394.813751220703
2023-05-30,390.992828369141
2023-05-31,385.962738037109
2023-06-01,387.075134277344
2023-06-02,394.475158691406
2023-06-05,391.815032958984
2023-06-06,390.218933105469
2023-06-07,387.365356445312
2023-06-08,389.203277587891
2023-06-09,389.058166503906
2023-06-12,391.186279296875
2023-06-13,393.072570800781
2023-06-14,398.731414794922
2023-06-15,396.409820556641
2023-06-16,401.391571044922
2023-06-19,398.973236083984
2023-06-20,399.408538818359
2023-06-21,394.717010498047
2023-06-22,393.024169921875
2023-06-23,393.120941162109
2023-06-26,390.751007080078
2023-06-27,393.943145751953
2023-06-28,400.956268310547
2023-06-29,405.986358642578
2023-06-30,413.144561767578
2023-07-03,409.710540771484
2023-07-04,410.145843505859
2023-07-05,408.017730712891
2023-07-06,394.765380859375
2023-07-07,389.493469238281
2023-07-10,392.685638427734
2023-07-11,395.684326171875
2023-07-12,400.714447021484
2023-07-13,404.438629150391
2023-07-14,407.824279785156
2023-07-17,400.424255371094
2023-07-18,395.007232666016
2023-07-19,393.024169921875
2023-07-20,387.897369384766
2023-07-21,397.715728759766
2023-07-24,394.28173828125
2023-07-25,396.554931640625
2023-07-26,393.749694824219
2023-07-27,399.166717529297
2023-07-28,407.098785400391
2023-07-31,409.372009277344
2023-08-01,402.455627441406
2023-08-02,400.424255371094
2023-08-03,398.683044433594
2023-08-04,398.392852783203
2023-08-07,395.055572509766
2023-08-08,392.056854248047
2023-08-09,393.507873535156
2023-08-10,405.405975341797
2023-08-11,398.828155517578
2023-08-14,401.923614501953
2023-08-15,395.152313232422
2023-08-16,394.426849365234
2023-08-17,389.493469238281
2023-08-18,385.188873291016
2023-08-21,384.995422363281
2023-08-22,383.350921630859
2023-08-23,388.187561035156
2023-08-24,387.268615722656
2023-08-25,388.332702636719
2023-08-28,391.960174560547
2023-08-29,395.781066894531
2023-08-30,396.700042724609
2023-08-31,392.54052734375
2023-09-01,391.960174560547
2023-09-04,392.4921875
2023-09-05,390.654266357422
2023-09-06,385.188873291016
2023-09-07,385.382354736328
2023-09-08,391.041198730469
2023-09-11,393.846405029297
2023-09-12,388.187561035156
2023-09-13,384.51171875
2023-09-14,388.864715576172
2023-09-15,396.603302001953
2023-09-18,391.186279296875
2023-09-19,387.268615722656
2023-09-20,396.603302001953
2023-09-21,386.639862060547
2023-09-22,385.333984375
2023-09-25,378.707794189453
2023-09-26,374.886840820312
2023-09-27,374.064636230469
2023-09-28,377.546997070312
2023-09-29,380.352233886719
2023-10-02,380.8359375
2023-10-03,379.04638671875
2023-10-04,379.239807128906
2023-10-05,378.562683105469
2023-10-06,381.319580078125
2023-10-09,374.403167724609
2023-10-10,384.753570556641
2023-10-11,383.834625244141
2023-10-12,380.352233886719
2023-10-13,372.081604003906
2023-10-16,374.113006591797
2023-10-17,374.741760253906
2023-10-18,370.582275390625
2023-10-19,373.580993652344
2023-10-20,367.825378417969
2023-10-23,374.209747314453
2023-10-24,381.222839355469
2023-10-25,386.156219482422
2023-10-26,380.303863525391
2023-10-27,377.788818359375
2023-10-30,379.239807128906
2023-10-31,383.205841064453
2023-11-01,384.028076171875
2023-11-02,390.073852539062
2023-11-03,390.509185791016
2023-11-06,389.977111816406
2023-11-07,392.201995849609
2023-11-08,401.875244140625
2023-11-09,405.309204101562
2023-11-10,400.714447021484
2023-11-13,401.101348876953
2023-11-14,410.726257324219
2023-11-15,410.049133300781
2023-11-16,407.243896484375
2023-11-17,410.097503662109
2023-11-20,407.969390869141
2023-11-21,411.741943359375
2023-11-22,415.611236572266
2023-11-23,415.224334716797
2023-11-24,417.352416992188
2023-11-27,418.803436279297
2023-11-28,416.626953125
2023-11-29,417.739349365234
2023-11-30,416.965484619141
2023-12-01,421.898834228516
2023-12-04,422.624359130859
2023-12-05,425.381225585938
2023-12-06,426.977325439453
2023-12-07,424.413909912109
2023-12-08,427.509368896484
2023-12-11,429.347290039062
2023-12-12,430.169494628906
2023-12-13,430.89501953125
2023-12-14,429.057067871094
2023-12-15,431.959014892578
2023-12-18,432.829650878906
2023-12-19,436.021820068359
2023-12-20,434.57080078125
2023-12-21,433.555145263672
2023-12-22,432.926361083984
2023-12-27,434.038787841797
2023-12-28,436.553833007812
2023-12-29,435.925079345703
2024-01-02,429.298889160156
2024-01-03,424.462249755859
2024-01-04,423.059661865234
2024-01-05,420.060913085938
2024-01-08,424.123718261719
2024-01-09,426.106719970703
2024-01-10,425.623046875
2024-01-11,427.074035644531
2024-01-12,430.846618652344
2024-01-15,410.33935546875
2024-01-16,410.919708251953
2024-01-17,408.307922363281
2024-01-18,412.273986816406
2024-01-19,412.273986816406
2024-01-22,410.871337890625
2024-01-23,412.564147949219
2024-01-24,414.982482910156
2024-01-25,418.271362304688
2024-01-26,430.556427001953
2024-01-29,430.121124267578
2024-01-30,431.717193603516
2024-01-31,430.169494628906
2024-02-01,434.667541503906
2024-02-02,433.023101806641
2024-02-05,440.858459472656
2024-02-06,439.117248535156
2024-02-07,437.424438476562
2024-02-08,438.343383789062
2024-02-09,405.115753173828
2024-02-12,414.643890380859
2024-02-13,414.015167236328
2024-02-14,417.207305908203
2024-02-15,423.446563720703
2024-02-16,427.944610595703
2024-02-19,426.880584716797
2024-02-20,429.105407714844
2024-02-21,430.024353027344
2024-02-22,436.408721923828
2024-02-23,435.489776611328
2024-02-26,435.925079345703
2024-02-27,436.602203369141
2024-02-28,431.959014892578
2024-02-29,427.267547607422
2024-03-01,427.509368896484
2024-03-04,429.105407714844
2024-03-05,424.026977539062
2024-03-06,423.83349609375
2024-03-07,430.798248291016
2024-03-08,434.328979492188
2024-03-11,433.603515625
2024-03-12,435.876708984375
2024-03-13,439.359069824219
2024-03-14,436.505462646484
2024-03-15,431.572082519531
2024-03-18,427.122406005859
2024-03-19,426.783843994141
2024-03-20,422.479248046875
2024-03-21,420.738067626953
2024-03-22,418.513214111328
2024-03-25,421.221740722656
2024-03-26,419.770751953125
2024-03-27,424.655731201172
2024-03-28,424.317138671875
2024-04-02,416.868774414062
2024-04-03,407.582458496094
2024-04-04,406.711883544922
2024-04-05,399.215118408203
2024-04-08,397.764099121094
2024-04-09,401.923614501953
2024-04-10,401.439910888672
2024-04-11,405.164154052734
2024-04-12,400.956268310547
2024-04-15,401.875244140625
2024-04-16,401.536682128906
2024-04-17,404.583740234375
2024-04-18,409.758941650391
2024-04-19,430.411315917969
2024-04-22,426.590393066406
2024-04-23,426.300201416016
2024-04-24,425.864868164062
2024-04-25,421.511932373047
2024-04-26,427.896240234375
2024-04-29,428.731109619141
2024-04-30,431.825042724609
2024-05-02,428.927581787109
2024-05-03,433.052795410156
2024-05-06,435.115417480469
2024-05-07,436.981597900391
2024-05-08,439.093322753906
2024-05-09,445.772338867188
2024-05-10,445.379455566406
2024-05-13,447.442047119141
2024-05-14,448.768035888672
2024-05-15,448.669799804688
2024-05-16,445.428558349609
2024-05-17,439.633575439453
2024-05-20,440.910400390625
2024-05-21,439.584442138672
2024-05-22,445.330322265625
2024-05-23,442.923950195312
2024-05-24,439.388000488281
2024-05-27,441.352416992188
2024-05-28,437.71826171875
2024-05-29,432.463470458984
2024-05-30,436.785186767578
2024-05-31,444.053466796875
2024-06-03,441.254180908203
2024-06-04,444.053466796875
2024-06-05,447.491180419922
2024-06-06,448.031372070312
2024-06-07,447.245635986328
2024-06-10,444.495452880859
2024-06-11,443.365905761719
2024-06-12,447.245635986328
2024-06-13,442.874816894531
2024-06-14,432.61083984375
2024-06-17,438.946014404297
2024-06-18,433.691223144531
2024-06-19,428.878448486328
2024-06-20,434.771667480469
2024-06-21,432.807250976562
2024-06-24,434.2314453125
2024-06-25,428.731109619141
2024-06-26,429.811553955078
2024-06-27,415.324066162109
2024-06-28,402.751861572266
2024-07-01,404.912719726562
2024-07-02,398.43017578125
2024-07-03,398.233764648438
2024-07-04,400.738372802734
2024-07-05,402.751861572266
2024-07-08,398.233764648438
2024-07-09,392.929840087891
2024-07-10,396.22021484375
2024-07-11,398.282867431641
2024-07-12,405.256500244141
2024-07-15,399.068603515625
2024-07-16,392.880737304688
2024-07-17,396.367553710938
2024-07-18,398.970428466797
2024-07-19,397.251556396484
2024-07-22,402.064331054688
2024-07-23,397.497100830078
2024-07-24,391.161895751953
2024-07-25,385.366912841797
2024-07-26,391.702087402344
2024-07-29,385.612457275391
2024-07-30,385.317779541016
2024-07-31,393.519165039062
2024-08-01,380.946990966797
2024-08-02,374.268005371094
2024-08-05,378.0986328125
2024-08-06,378.393280029297
2024-08-07,384.040924072266
2024-08-08,379.129913330078
2024-08-09,375.937774658203
2024-08-12,369.946319580078
2024-08-13,370.093658447266
2024-08-14,373.776916503906
2024-08-15,377.361968994141
2024-08-16,378.491485595703
2024-08-19,378.835266113281
2024-08-20,378.245941162109
2024-08-21,383.549835205078
2024-08-22,385.268676757812
2024-08-23,387.380401611328
2024-08-26,388.264373779297
2024-08-27,385.268676757812
2024-08-28,384.433807373047
2024-08-29,391.45654296875
2024-08-30,389.541259765625
2024-09-02,388.313507080078
2024-09-03,390.425231933594
2024-09-04,384.482940673828
2024-09-05,380.652313232422
2024-09-06,375.986877441406
2024-09-09,376.723510742188
2024-09-10,369.848114013672
2024-09-11,361.155639648438
2024-09-12,358.700134277344
2024-09-13,360.124298095703
2024-09-16,359.387664794922
2024-09-17,361.794067382812
2024-09-18,359.289428710938
2024-09-19,372.254516601562
2024-09-20,363.905792236328
2024-09-23,361.253845214844
2024-09-24,376.477966308594
2024-09-25,375.250213623047
2024-09-26,401.376800537109
2024-09-27,398.724853515625
2024-09-30,394.894256591797
2024-10-01,384.630249023438
2024-10-02,387.282196044922
2024-10-03,382.764068603516
2024-10-04,386.34912109375
2024-10-07,387.527740478516
2024-10-08,380.013885498047
2024-10-09,383.058715820312
2024-10-10,383.058715820312
2024-10-11,387.576873779297
2024-10-14,384.581146240234
2024-10-15,369.700775146484
2024-10-16,361.646728515625
2024-10-17,365.526428222656
2024-10-18,366.066650390625
2024-10-21,357.226837158203
2024-10-22,360.713653564453
2024-10-23,351.726501464844
2024-10-24,352.315826416016
2024-10-25,349.320098876953
2024-10-28,353.150665283203
2024-10-29,349.27099609375
2024-10-30,342.493804931641
2024-10-31,338.122985839844
2024-11-01,340.332946777344
2024-11-04,338.270324707031
2024-11-05,341.118713378906
2024-11-06,331.689575195312
2024-11-07,339.792755126953
2024-11-08,328.742980957031
2024-11-11,331.002044677734
2024-11-12,323.144409179688
2024-11-13,321.130920410156
2024-11-14,323.93017578125
2024-11-15,321.37646484375
2024-11-18,319.117370605469
2024-11-19,316.219909667969
2024-11-20,314.501037597656
2024-11-21,317.152984619141
2024-11-22,323.193511962891
2024-11-25,327.760772705078
2024-11-26,326.533020019531
2024-11-27,326.925903320312
2024-11-28,323.046203613281
2024-11-29,322.800628662109
2024-12-02,327.564331054688
2024-12-03,323.733734130859
2024-12-04,327.318786621094
2024-12-05,330.167144775391
2024-12-06,337.484558105469
2024-12-09,343.476013183594
2024-12-10,339.105194091797
2024-12-11,335.421936035156
2024-12-12,338.368560791016
2024-12-13,337.239013671875
2024-12-16,335.520172119141
2024-12-17,338.712310791016
2024-12-18,335.913055419922
2024-12-19,333.310211181641
2024-12-20,330.952941894531
2024-12-23,332.033325195312
2024-12-24,333.801300048828
2024-12-27,338.368560791016
2024-12-30,331.394897460938
2024-12-31,335.765716552734
2025-01-02,332.082458496094
2025-01-03,326.091033935547
2025-01-06,331.984222412109
2025-01-07,330.265380859375
2025-01-08,325.550811767578
2025-01-09,325.992797851562
2025-01-10,321.572875976562
2025-01-13,322.555084228516
2025-01-14,320.836242675781
2025-01-15,323.635528564453
2025-01-16,332.868194580078
2025-01-17,337.337249755859
2025-01-20,334.734375
2025-01-21,335.127288818359
2025-01-22,343.426879882812
2025-01-23,348.239654541016
2025-01-24,352.070281982422
2025-01-27,356.686614990234
2025-01-28,361.057403564453
2025-01-29,350.007629394531
2025-01-30,357.079467773438
2025-01-31,352.119384765625
2025-02-03,347.552124023438
2025-02-04,344.409088134766
2025-02-05,339.448974609375
2025-02-06,346.815490722656
2025-02-07,334.537963867188
2025-02-10,336.355041503906
2025-02-11,335.274627685547
2025-02-12,328.006317138672
2025-02-13,336.158599853516
2025-02-14,337.239013671875
2025-02-17,336.895233154297
2025-02-18,335.716583251953
2025-02-19,328.006317138672
2025-02-20,331.886016845703
2025-02-21,339.940063476562
2025-02-24,341.560699462891
2025-02-25,341.560699462891
2025-02-26,344.310852050781
2025-02-27,343.868896484375
2025-02-28,346.717254638672
2025-03-03,352.659576416016
2025-03-04,351.628265380859
2025-03-05,357.914367675781
2025-03-06,359.289428710938
2025-03-07,353.150665283203
2025-03-10,358.012573242188
2025-03-11,349.909423828125
2025-03-12,343.770660400391
2025-03-13,348.534332275391
2025-03-14,360.369873046875
2025-03-17,356.981292724609
2025-03-18,353.838226318359
2025-03-19,355.409759521484
2025-03-20,354.182006835938
2025-03-21,346.471710205078
2025-03-24,342.984893798828
2025-03-25,342.002716064453
2025-03-26,336.649688720703
2025-03-27,335.913055419922
2025-03-28,338.957885742188
2025-03-31,336.747924804688
2025-04-01,346.815490722656
2025-04-02,349.909423828125
2025-04-03,344.654632568359
2025-04-04,343.476013183594
2025-04-07,329.872497558594
2025-04-08,337.484558105469
2025-04-09,329.626953125
2025-04-10,340.873138427734
2025-04-11,341.413391113281
2025-04-14,344.556396484375
2025-04-15,337.680999755859
2025-04-16,335.520172119141
2025-04-17,335.765716552734
2025-04-22,356.932159423828
2025-04-23,367.834594726562
2025-04-24,374.0224609375
2025-04-25,367.539947509766
2025-04-28,372.450958251953
2025-04-29,381.094329833984
2025-04-30,380.112121582031
2025-05-02,386.299987792969
2025-05-05,389.850006103516
2025-05-06,381.100006103516
2025-05-07,374.399993896484
2025-05-08,375.350006103516
2025-05-09,383.200012207031
2025-05-12,394.549987792969
2025-05-13,385.149993896484
2025-05-14,372.600006103516
2025-05-15,376.899993896484
2025-05-16,373.850006103516
2025-05-19,378.549987792969
2025-05-20,381.049987792969
2025-05-21,385.450012207031
2025-05-22,379.75
2025-05-23,372.950012207031
2025-05-26,374.049987792969
2025-05-27,373.399993896484
2025-05-28,366.450012207031
2025-05-29,366.100006103516
2025-05-30,372.399993896484
2025-06-02,371.049987792969
2025-06-03,374.700012207031
2025-06-04,384.850006103516
2025-06-05,382.25
2025-06-06,381.350006103516
2025-06-09,378.899993896484
2025-06-10,382.299987792969
2025-06-11,378.299987792969
2025-06-12,375.75
2025-06-13,371.049987792969
2025-06-16,370.200012207031
2025-06-17,369
2025-06-18,370
2025-06-19,363.600006103516
2025-06-20,364.950012207031
2025-06-23,359
2025-06-24,363.549987792969
2025-06-25,356.100006103516
2025-06-26,349.75
2025-06-27,355.149993896484
2025-06-30,363.100006103516
2025-07-01,372.850006103516
2025-07-02,372.850006103516
2025-07-03,372.850006103516
2025-07-04,369.950012207031
2025-07-07,372.75
2025-07-08,374
2025-07-09,374.350006103516
2025-07-10,382.25
2025-07-11,373.850006103516
2025-07-14,373.100006103516
2025-07-15,367.600006103516
2025-07-16,364
2025-07-17,364.049987792969
2025-07-18,362.549987792969
2025-07-21,362.700012207031
2025-07-22,367.950012207031
2025-07-23,374.950012207031
2025-07-24,373.649993896484
2025-07-25,374.700012207031
2025-07-28,373.600006103516
2025-07-29,373.600006103516
2025-07-30,388.549987792969
2025-07-31,389.350006103516
2025-08-01,376.100006103516
2025-08-04,379.850006103516
2025-08-05,373.299987792969
2025-08-06,374.649993896484
2025-08-07,382.149993896484
2025-08-08,384.350006103516
2025-08-11,380.399993896484
2025-08-12,379.350006103516
2025-08-13,388.149993896484
2025-08-14,388.75
2025-08-15,392.899993896484
2025-08-18,393.299987792969
2025-08-19,400
2025-08-20,406.700012207031
2025-08-21,400.700012207031
2025-08-22,399
2025-08-25,397.100006103516
2025-08-26,396.700012207031
2025-08-27,401.25
2025-08-28,402.350006103516
2025-08-29,397.899993896484
2025-09-01,396.950012207031
2025-09-02,396.799987792969
2025-09-03,399.600006103516
2025-09-04,404.399993896484
2025-09-05,402.649993896484
2025-09-08,402.149993896484
2025-09-09,396.350006103516
2025-09-10,388.149993896484
2025-09-11,383.850006103516
2025-09-12,381.049987792969
2025-09-15,388.600006103516
2025-09-16,377.350006103516
2025-09-17,377.149993896484
2025-09-18,378.200012207031
2025-09-19,369.649993896484
2025-09-22,362
2025-09-23,374.700012207031
2025-09-24,367.100006103516
2025-09-25,366.100006103516
2025-09-26,366.899993896484
2025-09-29,365.049987792969
2025-09-30,368.5
2025-10-01,366.350006103516
2025-10-02,374.200012207031
2025-10-03,376.549987792969
2025-10-06,374
2025-10-07,379.25
2025-10-08,383.100006103516
2025-10-09,376.149993896484
2025-10-10,369.649993896484
2025-10-13,370
2025-10-14,368.5
2025-10-15,380.049987792969
2025-10-16,386.350006103516
2025-10-17,390.649993896484
2025-10-20,395.350006103516
2025-10-21,398
2025-10-22,371.350006103516
2025-10-23,375.25
2025-10-24,374.700012207031
2025-10-27,375.649993896484
2025-10-28,370.450012207031
2025-10-29,368.299987792969
2025-10-30,367.350006103516
2025-10-31,362.649993896484
2025-11-03,361.850006103516
2025-11-04,364.049987792969
2025-11-05,362.5
2025-11-06,354.25
2025-11-07,354.450012207031
2025-11-10,353.950012207031
2025-11-11,356.700012207031
2025-11-12,356.899993896484
2025-11-13,359.100006103516
2025-11-14,359
2025-11-17,354.549987792969
2025-11-18,351.75
2025-11-19,350.649993896484
2025-11-20,352.149993896484
2025-11-21,361.5
2025-11-24,365.299987792969
2025-11-25,367.200012207031
2025-11-26,373.899993896484
2025-11-27,372.600006103516
2025-11-28,375.600006103516
2025-12-01,377.950012207031
2025-12-02,371.75
2025-12-03,369.25
2025-12-04,368.799987792969
2025-12-05,372.75
2025-12-08,365.350006103516
2025-12-09,368.200012207031
2025-12-10,370.799987792969
2025-12-11,371.950012207031
2025-12-12,370.049987792969
2025-12-15,373.200012207031
2025-12-16,373.700012207031
2025-12-17,375.700012207031
2025-12-18,375.899993896484
2025-12-19,371
2025-12-22,366.450012207031
2025-12-23,362.549987792969
2025-12-24,363.799987792969
2025-12-29,365.299987792969
2025-12-30,366.950012207031
2025-12-31,366.600006103516
2026-01-02,364.700012207031
2026-01-05,363.299987792969
2026-01-06,368.700012207031
2026-01-07,356
2026-01-08,362.899993896484
2026-01-09,385.850006103516
2026-01-12,392.399993896484
2026-01-13,391.399993896484
2026-01-14,391.450012207031
2026-01-15,387.149993896484
2026-01-16,384.850006103516
2026-01-19,380.950012207031
2026-01-20,384.350006103516
2026-01-21,385.399993896484
2026-01-22,387.25
2026-01-23,386.25
2026-01-26,384.899993896484
2026-01-27,380
2026-01-28,380.450012207031
2026-01-29,388.100006103516
2026-01-30,387
2026-02-02,388.700012207031
2026-02-03,386.450012207031
2026-02-04,399.399993896484
2026-02-05,394.700012207031
2026-02-06,394.049987792969
2026-02-09,387.950012207031
2026-02-10,391.399993896484
2026-02-11,391.899993896484
2026-02-12,391.649993896484
2026-02-13,372.350006103516
2026-02-16,385.049987792969
2026-02-17,390.450012207031
2026-02-18,394.549987792969
2026-02-19,395
2026-02-20,401.149993896484
2026-02-23,397.100006103516
2026-02-24,403.100006103516
2026-02-25,398.5
2026-02-26,397.450012207031
2026-02-27,397.399993896484
2026-03-02,380.950012207031
2026-03-03,363.75
